{
    "openapi": "3.0.3",
    "info": {
        "title": "Tour API",
        "description": "API for managing tours including CRUD operations, geospatial queries, and statistics.",
        "version": "1.0.0"
    },
    "servers": [
        {
            "url": "http://localhost:5000/api/v1",
            "description": "Local server"
        }
    ],
    "paths": {
        "/tours": {
            "get": {
                "summary": "Get all tours",
                "description": "Retrieves all tours with optional query parameters like pagination, sorting, and filtering.",
                "responses": {
                    "200": {
                        "description": "A list of all tours",
                        "content": {
                            "application/json": {
                                "schema": {
                                    "type": "array",
                                    "items": {
                                        "type": "object",
                                        "properties": {
                                            "id": {
                                                "type": "string",
                                                "example": "5c88fa8cf4afda39709c2951"
                                            },
                                            "name": {
                                                "type": "string",
                                                "example": "The Sea Explorer"
                                            },
                                            "duration": {
                                                "type": "number",
                                                "example": 7
                                            },
                                            "maxGroupSize": {
                                                "type": "number",
                                                "example": 15
                                            },
                                            "difficulty": {
                                                "type": "string",
                                                "example": "medium"
                                            },
                                            "ratingsAverage": {
                                                "type": "number",
                                                "example": 4.8
                                            },
                                            "price": {
                                                "type": "number",
                                                "example": 497
                                            },
                                            "imageCover": {
                                                "type": "string",
                                                "example": "tour-1-cover.jpg"
                                            },
                                            "startLocation": {
                                                "type": "object",
                                                "properties": {
                                                    "type": {
                                                        "type": "string",
                                                        "example": "Point"
                                                    },
                                                    "coordinates": {
                                                        "type": "array",
                                                        "items": {
                                                            "type": "number"
                                                        },
                                                        "example": [
                                                            -118.113491,
                                                            34.111745
                                                        ]
                                                    },
                                                    "address": {
                                                        "type": "string",
                                                        "example": "2555 Brighton Ave, Los Angeles, CA"
                                                    },
                                                    "description": {
                                                        "type": "string",
                                                        "example": "Starting point for the tour."
                                                    }
                                                }
                                            }
                                        }
                                    }
                                }
                            }
                        }
                    },
                    "404": {
                        "description": "Tours not found",
                        "content": {
                            "application/json": {
                                "schema": {
                                    "type": "object",
                                    "properties": {
                                        "status": {
                                            "type": "string",
                                            "example": "fail"
                                        },
                                        "message": {
                                            "type": "string",
                                            "example": "No tours found."
                                        }
                                    }
                                }
                            }
                        }
                    },
                    "500": {
                        "description": "Server error",
                        "content": {
                            "application/json": {
                                "schema": {
                                    "type": "object",
                                    "properties": {
                                        "status": {
                                            "type": "string",
                                            "example": "error"
                                        },
                                        "message": {
                                            "type": "string",
                                            "example": "An internal server error occurred."
                                        }
                                    }
                                }
                            }
                        }
                    }
                }
            },
            "post": {
                "summary": "Create a new tour",
                "security": [
                    {
                        "bearerAuth": []
                    }
                ],
                "description": "Creates a new tour. Only accessible by admin and lead-guide.",
                "requestBody": {
                    "required": true,
                    "content": {
                        "application/json": {
                            "schema": {
                                "type": "object",
                                "properties": {
                                    "name": {
                                        "type": "string",
                                        "example": "The Forest Hiker"
                                    },
                                    "duration": {
                                        "type": "number",
                                        "example": 5
                                    },
                                    "maxGroupSize": {
                                        "type": "number",
                                        "example": 12
                                    },
                                    "difficulty": {
                                        "type": "string",
                                        "example": "difficult"
                                    },
                                    "price": {
                                        "type": "number",
                                        "example": 999
                                    },
                                    "summary": {
                                        "type": "string",
                                        "example": "A tour through the dense forests of the Appalachian Mountains."
                                    },
                                    "imageCover": {
                                        "type": "string",
                                        "example": "tour-2-cover.jpg"
                                    }
                                },
                                "required": [
                                    "name",
                                    "duration",
                                    "maxGroupSize",
                                    "difficulty",
                                    "price",
                                    "summary",
                                    "imageCover"
                                ]
                            }
                        }
                    }
                },
                "responses": {
                    "201": {
                        "description": "Tour created successfully",
                        "content": {
                            "application/json": {
                                "schema": {
                                    "type": "object",
                                    "properties": {
                                        "status": {
                                            "type": "string",
                                            "example": "success"
                                        },
                                        "data": {
                                            "type": "object",
                                            "properties": {
                                                "tour": {
                                                    "type": "object",
                                                    "properties": {
                                                        "id": {
                                                            "type": "string",
                                                            "example": "5c88fa8cf4afda39709c2951"
                                                        },
                                                        "name": {
                                                            "type": "string",
                                                            "example": "The Forest Hiker"
                                                        },
                                                        "duration": {
                                                            "type": "number",
                                                            "example": 5
                                                        },
                                                        "maxGroupSize": {
                                                            "type": "number",
                                                            "example": 12
                                                        },
                                                        "difficulty": {
                                                            "type": "string",
                                                            "example": "difficult"
                                                        },
                                                        "price": {
                                                            "type": "number",
                                                            "example": 999
                                                        },
                                                        "summary": {
                                                            "type": "string",
                                                            "example": "A tour through the dense forests of the Appalachian Mountains."
                                                        },
                                                        "imageCover": {
                                                            "type": "string",
                                                            "example": "tour-2-cover.jpg"
                                                        }
                                                    }
                                                }
                                            }
                                        }
                                    }
                                }
                            }
                        }
                    },
                    "400": {
                        "description": "Bad request. Invalid input data.",
                        "content": {
                            "application/json": {
                                "schema": {
                                    "type": "object",
                                    "properties": {
                                        "status": {
                                            "type": "string",
                                            "example": "fail"
                                        },
                                        "message": {
                                            "type": "string",
                                            "example": "Invalid input data."
                                        }
                                    }
                                }
                            }
                        }
                    },
                    "401": {
                        "description": "Unauthorized - No or invalid token provided",
                        "content": {
                            "application/json": {
                                "schema": {
                                    "type": "object",
                                    "properties": {
                                        "status": {
                                            "type": "string",
                                            "example": "fail"
                                        },
                                        "message": {
                                            "type": "string",
                                            "example": "You are not logged in. Please log in to get access."
                                        }
                                    }
                                }
                            }
                        }
                    },
                    "500": {
                        "description": "Server error",
                        "content": {
                            "application/json": {
                                "schema": {
                                    "type": "object",
                                    "properties": {
                                        "status": {
                                            "type": "string",
                                            "example": "error"
                                        },
                                        "message": {
                                            "type": "string",
                                            "example": "An internal server error occurred."
                                        }
                                    }
                                }
                            }
                        }
                    }
                }
            }
        },
        "/tours/{id}": {
            "get": {
                "summary": "Get a tour by ID",
                "description": "Fetches details of a single tour by its ID.",
                "parameters": [
                    {
                        "name": "id",
                        "in": "path",
                        "required": true,
                        "schema": {
                            "type": "string"
                        },
                        "example": "5c88fa8cf4afda39709c2951"
                    }
                ],
                "responses": {
                    "200": {
                        "description": "Tour details fetched successfully",
                        "content": {
                            "application/json": {
                                "schema": {
                                    "type": "object",
                                    "properties": {
                                        "status": {
                                            "type": "string",
                                            "example": "success"
                                        },
                                        "data": {
                                            "type": "object",
                                            "properties": {
                                                "tour": {
                                                    "type": "object",
                                                    "properties": {
                                                        "id": {
                                                            "type": "string",
                                                            "example": "5c88fa8cf4afda39709c2951"
                                                        },
                                                        "name": {
                                                            "type": "string",
                                                            "example": "The Sea Explorer"
                                                        },
                                                        "duration": {
                                                            "type": "number",
                                                            "example": 7
                                                        },
                                                        "maxGroupSize": {
                                                            "type": "number",
                                                            "example": 15
                                                        },
                                                        "difficulty": {
                                                            "type": "string",
                                                            "example": "medium"
                                                        },
                                                        "price": {
                                                            "type": "number",
                                                            "example": 497
                                                        },
                                                        "imageCover": {
                                                            "type": "string",
                                                            "example": "tour-1-cover.jpg"
                                                        },
                                                        "startLocation": {
                                                            "type": "object",
                                                            "properties": {
                                                                "type": {
                                                                    "type": "string",
                                                                    "example": "Point"
                                                                },
                                                                "coordinates": {
                                                                    "type": "array",
                                                                    "items": {
                                                                        "type": "number"
                                                                    },
                                                                    "example": [
                                                                        -118.113491,
                                                                        34.111745
                                                                    ]
                                                                },
                                                                "address": {
                                                                    "type": "string",
                                                                    "example": "2555 Brighton Ave, Los Angeles, CA"
                                                                },
                                                                "description": {
                                                                    "type": "string",
                                                                    "example": "Starting point for the tour."
                                                                }
                                                            }
                                                        }
                                                    }
                                                }
                                            }
                                        }
                                    }
                                }
                            }
                        }
                    },
                    "404": {
                        "description": "Tour not found",
                        "content": {
                            "application/json": {
                                "schema": {
                                    "type": "object",
                                    "properties": {
                                        "status": {
                                            "type": "string",
                                            "example": "fail"
                                        },
                                        "message": {
                                            "type": "string",
                                            "example": "No tour found with that ID."
                                        }
                                    }
                                }
                            }
                        }
                    },
                    "500": {
                        "description": "Server error",
                        "content": {
                            "application/json": {
                                "schema": {
                                    "type": "object",
                                    "properties": {
                                        "status": {
                                            "type": "string",
                                            "example": "error"
                                        },
                                        "message": {
                                            "type": "string",
                                            "example": "An internal server error occurred."
                                        }
                                    }
                                }
                            }
                        }
                    }
                }
            },
            "patch": {
                "summary": "Update tour by ID",
                "parameters": [
                    {
                        "name": "id",
                        "in": "path",
                        "required": true,
                        "schema": {
                            "type": "string",
                            "example": "5c88fa8cf4afda39709c2951"
                        }
                    }
                ],
                "requestBody": {
                    "required": true,
                    "content": {
                        "application/json": {
                            "schema": {
                                "type": "object",
                                "properties": {
                                    "name": {
                                        "type": "string",
                                        "example": "Updated Tour Name"
                                    },
                                    "duration": {
                                        "type": "number",
                                        "example": 10
                                    },
                                    "price": {
                                        "type": "number",
                                        "example": 999
                                    }
                                }
                            }
                        }
                    }
                },
                "responses": {
                    "200": {
                        "description": "Tour updated successfully",
                        "content": {
                            "application/json": {
                                "schema": {
                                    "type": "object",
                                    "properties": {
                                        "status": {
                                            "type": "string",
                                            "example": "success"
                                        },
                                        "data": {
                                            "type": "object"
                                        }
                                    }
                                }
                            }
                        }
                    },
                    "400": {
                        "description": "Invalid input data",
                        "content": {
                            "application/json": {
                                "schema": {
                                    "type": "object",
                                    "properties": {
                                        "status": {
                                            "type": "string",
                                            "example": "fail"
                                        },
                                        "message": {
                                            "type": "string",
                                            "example": "Invalid input data."
                                        }
                                    }
                                }
                            }
                        }
                    },
                    "404": {
                        "description": "Tour not found",
                        "content": {
                            "application/json": {
                                "schema": {
                                    "type": "object",
                                    "properties": {
                                        "status": {
                                            "type": "string",
                                            "example": "fail"
                                        },
                                        "message": {
                                            "type": "string",
                                            "example": "No tour found with that ID."
                                        }
                                    }
                                }
                            }
                        }
                    },
                    "500": {
                        "description": "Internal server error",
                        "content": {
                            "application/json": {
                                "schema": {
                                    "type": "object",
                                    "properties": {
                                        "status": {
                                            "type": "string",
                                            "example": "error"
                                        },
                                        "message": {
                                            "type": "string",
                                            "example": "Server error occurred."
                                        }
                                    }
                                }
                            }
                        }
                    }
                }
            },
            "delete": {
                "summary": "Delete tour by ID",
                "parameters": [
                    {
                        "name": "id",
                        "in": "path",
                        "required": true,
                        "schema": {
                            "type": "string",
                            "example": "5c88fa8cf4afda39709c2951"
                        }
                    }
                ],
                "responses": {
                    "204": {
                        "description": "Tour deleted successfully"
                    },
                    "404": {
                        "description": "Tour not found",
                        "content": {
                            "application/json": {
                                "schema": {
                                    "type": "object",
                                    "properties": {
                                        "status": {
                                            "type": "string",
                                            "example": "fail"
                                        },
                                        "message": {
                                            "type": "string",
                                            "example": "No tour found with that ID."
                                        }
                                    }
                                }
                            }
                        }
                    },
                    "500": {
                        "description": "Internal server error",
                        "content": {
                            "application/json": {
                                "schema": {
                                    "type": "object",
                                    "properties": {
                                        "status": {
                                            "type": "string",
                                            "example": "error"
                                        },
                                        "message": {
                                            "type": "string",
                                            "example": "Server error occurred."
                                        }
                                    }
                                }
                            }
                        }
                    }
                }
            }
        },
        "/top-5-cheap": {
            "get": {
                "summary": "Get top 5 cheap tours",
                "responses": {
                    "200": {
                        "description": "A list of top 5 cheap tours",
                        "content": {
                            "application/json": {
                                "schema": {
                                    "type": "array",
                                    "items": {
                                        "type": "object"
                                    }
                                }
                            }
                        }
                    },
                    "500": {
                        "description": "Internal server error",
                        "content": {
                            "application/json": {
                                "schema": {
                                    "type": "object",
                                    "properties": {
                                        "status": {
                                            "type": "string",
                                            "example": "error"
                                        },
                                        "message": {
                                            "type": "string",
                                            "example": "Server error occurred."
                                        }
                                    }
                                }
                            }
                        }
                    }
                }
            }
        },
        "/tour-stats": {
            "get": {
                "summary": "Get tour statistics",
                "responses": {
                    "200": {
                        "description": "Tour statistics",
                        "content": {
                            "application/json": {
                                "schema": {
                                    "type": "object",
                                    "properties": {
                                        "status": {
                                            "type": "string",
                                            "example": "success"
                                        },
                                        "data": {
                                            "type": "object"
                                        }
                                    }
                                }
                            }
                        }
                    },
                    "500": {
                        "description": "Internal server error",
                        "content": {
                            "application/json": {
                                "schema": {
                                    "type": "object",
                                    "properties": {
                                        "status": {
                                            "type": "string",
                                            "example": "error"
                                        },
                                        "message": {
                                            "type": "string",
                                            "example": "Server error occurred."
                                        }
                                    }
                                }
                            }
                        }
                    }
                }
            }
        },
        "/monthly-plan/{year}": {
            "get": {
                "summary": "Get monthly plan for a year",
                "parameters": [
                    {
                        "name": "year",
                        "in": "path",
                        "required": true,
                        "schema": {
                            "type": "number",
                            "example": 2024
                        }
                    }
                ],
                "responses": {
                    "200": {
                        "description": "Monthly plan for the year",
                        "content": {
                            "application/json": {
                                "schema": {
                                    "type": "object",
                                    "properties": {
                                        "status": {
                                            "type": "string",
                                            "example": "success"
                                        },
                                        "data": {
                                            "type": "array",
                                            "items": {
                                                "type": "object"
                                            }
                                        }
                                    }
                                }
                            }
                        }
                    },
                    "404": {
                        "description": "No plan found for the year",
                        "content": {
                            "application/json": {
                                "schema": {
                                    "type": "object",
                                    "properties": {
                                        "status": {
                                            "type": "string",
                                            "example": "fail"
                                        },
                                        "message": {
                                            "type": "string",
                                            "example": "No plan found for the year."
                                        }
                                    }
                                }
                            }
                        }
                    },
                    "500": {
                        "description": "Internal server error",
                        "content": {
                            "application/json": {
                                "schema": {
                                    "type": "object",
                                    "properties": {
                                        "status": {
                                            "type": "string",
                                            "example": "error"
                                        },
                                        "message": {
                                            "type": "string",
                                            "example": "Server error occurred."
                                        }
                                    }
                                }
                            }
                        }
                    }
                }
            }
        },
        "/tours-within/{distance}/center/{latlng}/unit/{unit}": {
            "get": {
                "summary": "Get tours within a certain distance",
                "parameters": [
                    {
                        "name": "distance",
                        "in": "path",
                        "required": true,
                        "schema": {
                            "type": "number",
                            "example": 233
                        }
                    },
                    {
                        "name": "latlng",
                        "in": "path",
                        "required": true,
                        "schema": {
                            "type": "string",
                            "example": "-40,45"
                        }
                    },
                    {
                        "name": "unit",
                        "in": "path",
                        "required": true,
                        "schema": {
                            "type": "string",
                            "example": "mi"
                        }
                    }
                ],
                "responses": {
                    "200": {
                        "description": "List of tours within the specified distance",
                        "content": {
                            "application/json": {
                                "schema": {
                                    "type": "array",
                                    "items": {
                                        "type": "object"
                                    }
                                }
                            }
                        }
                    },
                    "400": {
                        "description": "Invalid input data",
                        "content": {
                            "application/json": {
                                "schema": {
                                    "type": "object",
                                    "properties": {
                                        "status": {
                                            "type": "string",
                                            "example": "fail"
                                        },
                                        "message": {
                                            "type": "string",
                                            "example": "Invalid input data."
                                        }
                                    }
                                }
                            }
                        }
                    },
                    "500": {
                        "description": "Internal server error",
                        "content": {
                            "application/json": {
                                "schema": {
                                    "type": "object",
                                    "properties": {
                                        "status": {
                                            "type": "string",
                                            "example": "error"
                                        },
                                        "message": {
                                            "type": "string",
                                            "example": "Server error occurred."
                                        }
                                    }
                                }
                            }
                        }
                    }
                }
            }
        },
        "/distances/{latlng}/unit/{unit}": {
            "get": {
                "summary": "Get distances to all tours",
                "parameters": [
                    {
                        "name": "latlng",
                        "in": "path",
                        "required": true,
                        "schema": {
                            "type": "string",
                            "example": "-40,45"
                        }
                    },
                    {
                        "name": "unit",
                        "in": "path",
                        "required": true,
                        "schema": {
                            "type": "string",
                            "example": "mi"
                        }
                    }
                ],
                "responses": {
                    "200": {
                        "description": "Distances to all tours",
                        "content": {
                            "application/json": {
                                "schema": {
                                    "type": "array",
                                    "items": {
                                        "type": "object"
                                    }
                                }
                            }
                        }
                    },
                    "400": {
                        "description": "Invalid input data",
                        "content": {
                            "application/json": {
                                "schema": {
                                    "type": "object",
                                    "properties": {
                                        "status": {
                                            "type": "string",
                                            "example": "fail"
                                        },
                                        "message": {
                                            "type": "string",
                                            "example": "Invalid input data."
                                        }
                                    }
                                }
                            }
                        }
                    },
                    "500": {
                        "description": "Internal server error",
                        "content": {
                            "application/json": {
                                "schema": {
                                    "type": "object",
                                    "properties": {
                                        "status": {
                                            "type": "string",
                                            "example": "error"
                                        },
                                        "message": {
                                            "type": "string",
                                            "example": "Server error occurred."
                                        }
                                    }
                                }
                            }
                        }
                    }
                }
            }
        }
    }
}